id, cate
12, companies,
  30973, companies,
  113963, companies,
  783214, companies,
  1854401, coins-teams,
  2425151, companies,
  5162861, companies,
  5663192, coins-teams,
  5838072, companies,
  5860722, coins-teams,
  6377902, companies,
  6718432, coins-teams,
  6844292, companies,
  8009142, crypto-news,
  9130922, coins,
  10228272, companies,
  10671602, companies,
  13258512, jpeg-enjoyers,
  13298072, companies,
  14086060, coins-teams,
  14110443, coins-teams,
  14274428, coins,
  14338147, spot-coins,
  14740219, companies,
  14922225, companies,
  15033883, companies,
  15223775, coins,
  15234657, companies,
  15447248, companies,
  15506669, companies,
  15880163, companies,
  16573941, companies,
  16913418, companies,
  17107670, coins-teams-important,
  17136315, companies,
  17137891, companies,
  17220817, companies,
  17230018, companies,
  17416571, companies,
  17445595, companies,
  17874544, companies,
  18139619, companies,
  18536658, coins-teams,
  18856867, crypto-news,
  19103481, companies,
  19315174, companies,
  19367815, companies,
  19426551, companies,
  19545260, coins-teams,
  19709040, companies,
  19773268, grayscale,
  19795597, companies,
  19847181, companies,
  20348431, companies,
  20356963, coins,
  20402945, crypto-news,
  20523846, companies,
  20536157, companies,
  20749410, companies,
  20793816, companies,
  22258315, companies,
  22264384, coins-teams-important,
  22311164, crypto-news,
  22728255, companies,
  22784458, coins-teams,
  23137860, coins-teams,
  23420231, companies,
  23756134, companies,
  24277551, crypto-news,
  24742040, companies,
  25071910, influencers,
  25073877, companies,
  26389359, companies,
  28582680, coins-teams-important,
  29238928, coins-teams-important,
  29758446, companies,
  29777587, coins-teams,
  30018058, companies,
  30699048, spot-coins,
  30811154, coins-teams,
  32379204, companies,
  32860795, coins-teams-important,
  33939145, coins-teams-important,
  33962758, coins-teams-important,
  34356968, companies,
  34442404, companies,
  34743251, companies,
  36208197, coins,
  36730070, companies,
  36803580, companies,
  41579086, companies,
  42712551, companies,
  44078873, news-outlets-twitter,
  44196397, elon-musk,
  44675584, coins-teams,
  46238620, coins-teams-important,
  49751816, spot-coins,
  50393960, companies,
  50883209, companies,
  54502344, companies,
  56562803, shiny-rocks-retard,
  60642052, news-outlets-twitter,
  62759320, coins-teams,
  64565898, companies,
  65174274, companies,
  66780587, companies,
  67418441, companies,
  71026122, companies,
  73778438, coins-teams-important,
  74286565, companies,
  74466455, companies,
  79714172, zhu,
  84850888, coins,
  90287844, news-relays,
  93662168, coins-teams-important,
  95731075, companies,
  96879107, companies,
  98047213, companies,
  100798845, coins-teams,
  101833150, coins-teams,
  107837944, companies,
  108172903, coins-teams-important,
  108247668, companies,
  109278089, coins,
  109404961, exchanges,
  110235535, coins-teams,
  111533746, wublockchain,
  119060937, spot-coins,
  121258930, companies,
  121291606, companies,
  132785973, coins-teams,
  141007481, coins-teams-important,
  146008010, influencers,
  158758371, spot-coins,
  162378259, kabosu,
  163723677, companies,
  163889317, coins-teams,
  173971280, exchanges,
  180505807, companies,
  185640900, turkish-army,
  186222238, companies,
  192941516, coins-teams,
  206662545, companies,
  209004862, companies,
  218984871, companies,
  226749344, influencers,
  234489024, companies,
  239760107, companies,
  244647486, companies,
  245130690, crypto-news,
  250985705, coins-teams,
  271224569, coins,
  275686563, news-outlets-twitter,
  290097288, companies,
  292132128, coins,
  295218901, vitalik,
  309285803, companies,
  309366491, companies,
  323319539, companies,
  331908924, companies,
  334881556, coins-teams,
  345738416, coins,
  347831597, coins,
  357317524, do-klown,
  357750891, companies,
  376825877, companies,
  380749300, companies,
  381696140, news-relays,
  385562752, coins,
  396045469, barry-silbert,
  397690333, coins-teams,
  399216451, companies,
  399412477, coins-teams,
  424354829, spot-coins,
  425871040, companies,
  431417121, spot-coins,
  483809608, coins-teams,
  488861903, coins-teams,
  548263294, companies,
  551373363, companies,
  574032254, exchanges,
  577401044, companies,
  580020269, crypto-news,
  588782112, companies,
  612782611, companies,
  625298957, companies,
  635682749, coins-teams,
  732077598, companies,
  734240269, coins-teams,
  905395394, coins-teams-important,
  915609529, coins-teams-important,
  946147015, crypto-news,
  1051053836, coins,
  1138033434, influencers,
  1141081634, companies,
  1142606887, coins-teams-important,
  1150325930, coins,
  1265037073, companies,
  1286936072, coins,
  1290247555, xrp-sec,
  1333467482, news-outlets-twitter,
  1376161898, spot-coins,
  1392307531, coins-teams-important,
  1393174363, spot-coins,
  1398122942, spot-coins,
  1460090706, spot-coins,
  1530530365, coins,
  1548292658, crypto-news,
  1595615893, coins,
  1603818258, companies,
  1626294277, news-relays,
  1656328279, coins,
  1677585618, coins-teams-important,
  1686323288, companies,
  1962290894, influencers,
  2151686839, spot-coins,
  2220273336, coins-teams,
  2222737327, companies,
  2235729541, coins,
  2244994945, companies,
  2259434528, influencers,
  2259980869, coins-teams,
  2266631022, coins,
  2312333412, coins,
  2313671966, coins,
  2316864168, coins-teams,
  2327407569, coins-teams,
  2338506822, coins,
  2349043879, spot-coins,
  2361601055, tier10k,
  2365169072, companies,
  2382833052, coins-teams,
  2399167096, coins-teams,
  2401980110, companies,
  2415460460, coins-teams,
  2425322684, spot-coins,
  2434121118, coins,
  2445883045, spot-coins,
  2460502890, coins,
  2478217117, companies,
  2478439963, coins,
  2478756618, coins-teams-important,
  2499289070, companies,
  2532881881, spot-coins,
  2545086098, influencers,
  2550705541, companies,
  2573852937, companies,
  2575764354, spot-coins,
  2586748687, coins,
  2590633042, coins,
  2592325530, coins,
  2621412174, jpeg-enjoyers,
  2653394250, coins,
  2699277537, spot-coins,
  2704294333, news-relays,
  2731277064, coins-teams,
  2794894848, spot-coins,
  2797935057, spot-coins,
  2800345565, grayscale,
  2803852087, grayscale,
  2837666919, influencers,
  2844400678, check-the-chain,
  2895317462, spot-coins,
  2896892108, spot-coins,
  2905440476, companies,
  2906318755, coins,
  3021837038, coins,
  3031071234, companies,
  3047223237, companies,
  3065618342, companies,
  3096997813, coins-teams-important,
  3111739836, coins,
  3175291836, coins,
  3188326577, companies,
  3190865591, coins,
  3195074454, coins-teams-important,
  3285797414, coins,
  3291830170, coins,
  3291895956, coins,
  3295423333, news-relays,
  3300594994, companies,
  3305325070, coins,
  3318365565, coins,
  3351041295, coins,
  3364497995, coins-teams,
  3389763521, spot-coins,
  3448833448, spot-coins,
  3833343869, spot-coins,
  3992601857, coins,
  4020178512, spot-coins,
  4053977488, spot-coins,
  4135644558, coins,
  4182894076, crypto-news,
  908581392061214720, coins,
  826699259441328128, coins,
  1356248804899565569, coins,
  951329744804392960, coins,
  1286548095027703808, coins,
  865963965649571840, coins,
  825920479055671296, coins,
  1162883382700912640, coins,
  1294974404233965570, coins,
  773009781644677120, coins,
  1303577160234328066, coins,
  1260105245033558022, coins,
  998721198958641152, coins,
  1010430329218371584, coins,
  867100084248469505, coins,
  1055894724245155841, coins,
  893448476146544645, coins,
  894231710065446912, coins,
  913327957904695297, coins,
  986967941685153792, coins,
  927909832002277376, coins,
  745758443324080128, coins,
  841424245938769920, coins,
  946758251902881792, coins,
  1137038394503114753, coins,
  872984298973941764, coins,
  1141423436671201282, coins,
  922358568602365953, coins,
  707515829798182912, coins,
  977020204071792641, coins,
  918994376105197568, coins,
  908576143975919616, coins,
  993805028182781954, coins,
  978954459777814528, coins,
  1256908613857226756, coins,
  1263479224419012619, coins,
  1329587028632219648, coins,
  1032773383958745088, coins,
  873936272976474113, coins,
  1006055524666826754, coins,
  956866803094863873, coins,
  1287968444952895488, coins,
  775658150179508224, coins,
  1293456657465217024, coins,
  981325507080814592, coins,
  831847934534746114, coins,
  951832405714841600, spot-coins,
  4711101020, coins,
  1232319080637616128, coins,
  1113767494177755136, coins,
  1223779978459770880, coins,
  969093664348631040, coins,
  1012021170244161536, coins,
  889691121000996864, coins,
  944324459447701504, coins,
  1068417957686992896, coins,
  898875132864716800, coins,
  928647522817417216, coins,
  872093043305963521, coins,
  957716432430641152, coins,
  910233733265018880, coins,
  931715434834886656, spot-coins,
  933165746653245441, coins,
  1031949518609121280, coins,
  892865028939948033, coins,
  1214050967986946051, coins,
  1298598468378746881, coins,
  1274269247892418561, spot-coins,
  914738730740715521, coins,
  984188226826010624, coins,
  1224354503820005380, news-relays,
  971485142429597696, companies,
  1022028994772910086, coins,
  1244266306485932034, crypto-news,
  1118980463006085120, crypto-news,
  944686196331966464, influencers,
  1289071298556170240, influencers,
  816646997356777472, coins,
  892752981736779776, coins,
  902926941413453824, exchanges,
  720487892670410753, exchanges,
  1110877798820777986, exchanges,
  702654540387127296, coins-teams-important,
  804033813185695744, turkish-army,
  1059948651647287296, turkish-army,
  955165237984055296, turkish-army,
  806568905682587648, turkish-army,
  4918711982, coins,
  963767159536209921, news-outlets-twitter,
  902839045356744704, coins-teams-important,
  806968755855224832, coins,
  1260642356753129472, exchanges,
  910899153772916736, influencers,
  1412497369082568710, turkish-army,
  1023756347387662338, turkish-army,
  1358454920299433985, spot-coins,
  1302174189516763136, coins,
  935139646224371712, spot-coins,
  799071635231817729, coins,
  1019723274693926912, coins,
  944255537121656833, coins,
  856446453157376003, coins,
  896466828733685760, coins,
  1287653017349771265, coins,
  898917341051965441, coins,
  1288422600700436481, coins,
  995796935817621504, coins,
  4633094778, coins,
  772963621206917120, coins,
  862675563693125632, coins,
  1189396953747972097, coins,
  906234475604037637, influencers,
  755070940309032961, coins-teams-important,
  993673575230996480, coins,
  974473136983891968, coins,
  1353339843623829505, coins,
  1113516753307426816, coins,
  931273791782535168, exchanges,
  1090346259892838400, coins,
  902282851499917312, crypto-news,
  1413217545545568261, coins,
  909929047626354688, coins,
  1288572182444961793, coins,
  1327343239800582144, coins,
  1009135067153616896, coins,
  1001022572186820608, coins,
  989912836901089282, blockworks,
  1138993163706753029, influencers,
  1310945894695677953, spot-coins,
  769430199985332228, coins,
  1153167226729406465, spot-coins,
  963535553869172736, spot-coins,
  902168220400013312, spot-coins,
  1318241077191639048, coins,
  1280715218947989506, spot-coins,
  1167532630746828801, coins,
  1219119953728557056, coins,
  1289558152581722113, spot-coins,
  1311393389259165696, coins,
  899820889943949316, coins,
  1373225316177620993, coins,
  1344200569016246272, coins,
  1440290854963273734, coins,
  1016987310221455360, coins,
  1444011503275810822, jpeg-enjoyers,
  1052454006537314306, exchanges,
  1327998596185284608, turkish-army,
  950915985422221312, check-the-chain,
  964386953113214976, jp-central,
  1243470638477697024, influencers,
  900437084321832960, coins,
  1018882182394376197, coins,
  976072413770207232, coins,
  790627436832579584, exchanges,
  842813286773145601, coins,
  996321865311358976, coins,
  1269408213876846592, coins,
  1141417774201184257, companies,
  1054235330516320257, coins,
  782116288160161792, spot-coins,
  878291606830542848, spot-coins,
  774217808628645891, spot-coins,
  772152516893110272, spot-coins,
  4871918301, spot-coins,
  776803955301093376, spot-coins,
  818371891937296384, spot-coins,
  883984505119297536, spot-coins,
  739770876808167424, spot-coins,
  888066710619668481, coins-teams-important,
  869962138932002817, spot-coins,
  856193547976028161, spot-coins,
  4826209539, coins,
  734688391942524928, spot-coins,
  711030662728437760, spot-coins,
  4727130589, spot-coins,
  976124518065373184, spot-coins,
  1105397558761779200, spot-coins,
  844185333478637568, spot-coins,
  1115345843664629760, spot-coins,
  809512948788064257, coins,
  869908314292924416, spot-coins,
  862609366582571008, spot-coins,
  810263154458578944, spot-coins,
  903565929719541760, spot-coins,
  769457743807844352, spot-coins,
  976294096808497152, spot-coins,
  763039521936203776, spot-coins,
  704476690139885568, spot-coins,
  991439317053591552, coins,
  917195081408319488, spot-coins,
  888343534083944448, spot-coins,
  858954415176396800, spot-coins,
  1006131468580552704, coins,
  4469439315, coins,
  900487236315078657, coins,
  774791455680434176, spot-coins,
  744075632997470208, spot-coins,
  823799206267625473, spot-coins,
  713376641909723136, spot-coins,
  759252279862104064, coins,
  828668619986964480, coins,
  866969628534243332, spot-coins,
  998063321763926017, coins,
  880423818594070528, spot-coins,
  907209378331336705, spot-coins,
  938610515126792192, spot-coins,
  865213817466142724, spot-coins,
  4736263474, spot-coins,
  718774766136532992, spot-coins,
  767645185962455040, spot-coins,
  864347902029709314, coins,
  774689518767181828, spot-coins,
  1426108217025867781, spot-coins,
  1341806238875586560, spot-coins,
  1412847182236073988, spot-coins,
  1406720703722893316, spot-coins,
  1372844354209861633, spot-coins,
  1391652729378926592, coins,
  1202049471871361024, spot-coins,
  1405992601740890129, spot-coins,
  1384448886627049474, spot-coins,
  1294380534496468992, spot-coins,
  1318927549091622913, spot-coins,
  1371773375719170050, spot-coins,
  1389684530995515394, coins,
  1336297862867501062, spot-coins,
  1295108677918248961, spot-coins,
  1305349277422477313, spot-coins,
  1404996314526486531, spot-coins,
  1291845815871381505, spot-coins,
  1303716662538047490, spot-coins,
  1171329011357835265, spot-coins,
  1305519876921004033, spot-coins,
  1257409784535384064, spot-coins,
  1290868462235947009, spot-coins,
  1226934203708776451, spot-coins,
  1311611340767793154, spot-coins,
  1364529867052748804, spot-coins,
  1181559690599129094, spot-coins,
  1350220454674329600, spot-coins,
  1302398882186366976, spot-coins,
  1369580794369372163, coins,
  1224611965219139584, spot-coins,
  1268789250272550913, spot-coins,
  1304194975798755328, spot-coins,
  1191380071652696064, spot-coins,
  1285409312085471232, spot-coins,
  1231831448509829121, coins,
  1154795176507969543, spot-coins,
  1334427533064855552, spot-coins,
  1357307595749433348, coins-teams-important,
  1318636587203350530, spot-coins,
  1400186867258204161, spot-coins,
  1250795698615758848, spot-coins,
  1350895477135454208, spot-coins,
  1295255955840458753, spot-coins,
  1050573550791225344, spot-coins,
  1233171399872638976, coins,
  1237565114020175872, spot-coins,
  889753804614369281, spot-coins,
  894992420718362624, coins,
  1121046327574528001, coins,
  1342290392495005697, spot-coins,
  1421240925167128583, spot-coins,
  1149448314158342144, coins,
  1129010475004506113, spot-coins,
  1275068809699708931, coins,
  1153497081148928000, spot-coins,
  1082011146117439491, coins,
  1311374758039220224, spot-coins,
  1280538599557984256, spot-coins,
  915590652167061504, coins,
  1261684151780081664, spot-coins,
  974293707900858368, spot-coins,
  1379756177391751169, coins,
  1287360350623391745, spot-coins,
  944091792269389824, spot-coins,
  1062118922147659776, coins,
  1299250153992327169, spot-coins,
  1023450698837516288, spot-coins,
  1025113070933356544, spot-coins,
  1123761442824519682, coins,
  1314071380153921536, spot-coins,
  973106708158431232, spot-coins,
  1320668427896324096, spot-coins,
  1069285955549442054, coins,
  940136368797347840, coins,
  1166273105456578561, spot-coins,
  1080347969432432640, spot-coins,
  913837178261663744, spot-coins,
  980935731794403328, spot-coins,
  1042432605910708224, spot-coins,
  918011835554570240, spot-coins,
  973766864659734528, spot-coins,
  912987663052836864, spot-coins,
  1006569151413063680, spot-coins,
  936489753142181888, spot-coins,
  1361082914994282496, spot-coins,
  910043982306041856, spot-coins,
  931727472034398208, spot-coins,
  906057790707216384, spot-coins,
  895254960530636800, coins,
  1359776850579312642, spot-coins,
  1304609819504984067, coins,
  955744720092835841, spot-coins,
  1190300260498694145, spot-coins,
  890365489658122242, spot-coins,
  897652496461680640, spot-coins,
  903434091650883586, spot-coins,
  1342227971671785473, spot-coins,
  1292142909236666371, spot-coins,
  960068923759751168, spot-coins,
  957095686914244609, spot-coins,
  885947368159498240, coins,
  1145721481487212544, spot-coins,
  1401080627672141828, spot-coins,
  885426541185818625, spot-coins,
  867248739781533696, spot-coins,
  1317481527261921281, spot-coins,
  1287796851513556993, spot-coins,
  961827567740239872, spot-coins,
  1295959614375297026, spot-coins,
  1329082573973188608, spot-coins,
  911245230426525697, coins,
  1100592654637621248, spot-coins,
  1355883805353992196, spot-coins,
  1304363799609135104, spot-coins,
  1002471062443970565, spot-coins,
  970372386339147776, spot-coins,
  919174740270637056, spot-coins,
  1068431255690076161, spot-coins,
  1006952860272058368, spot-coins,
  1166548668083658752, spot-coins,
  949313959445766144, spot-coins,
  912949947397439488, spot-coins,
  880470278408724481, spot-coins,
  790295332966002690, coins,
  897836587978956800, coins,
  908863693248593920, spot-coins,
  1026772462296547328, spot-coins,
  915531221551255552, spot-coins,
  1444106408673251329, coins,
  1452833659141038085, coins,
  956929025645035522, coins,
  1072404907230060544, companies,
  1293256870799564805, companies,
  877807935493033984, exchanges,
  1396889425959866373, coins,
  1422537905885442055, coinbase-listings,
  1301632718019727361, coins,
  1274693174930190341, spot-coins,
  1140637286637473792, spot-coins,
  1293517137705750528, spot-coins,
  1376190045921677316, spot-coins,
  1368226092050345985, coins,
  1458980245860720645, coins,
  1389649651540836354, coins,
  1449098672252198921, companies,
  1019869949039448065, coins,
  1435343501802229760, coins-teams-important,
  1474132989537918986, coins,
  1128606567354359808, check-the-chain,
  1214659473123487744, spot-coins,
  1244522704377491457, spot-coins,
  1427557319500472325, coins,
  1463930881643466764, coins,
  1127454397338800129, spot-coins,
  1480577384709595137, coins,
  1481272552009969664, coins,
  1444002359516925954, spot-coins,
  1156365764615499777, spot-coins,
  1069827177527431168, spot-coins,
  1365098904555954176, spot-coins,
  1455294902451904516, news-relays,
  1399766153053061121, companies,
  1295698684827623424, coins,
  1169145165531013120, spot-coins,
  1279333728032976896, coins,
  984467204828577792, spot-coins,
  1456327895866314753, influencers,
  952921795316912133, coins-teams-important,
  1007035113065144320, coins,
  1285628066346274817, spot-coins,
  977276604811427840, coins,
  1034844617261248512, companies,
  923853191799803904, crypto-news,
  1482745703877300230, jpeg-enjoyers,
  1410369935952551937, coins,
  1172038272618393600, coins,
  1439068275040653313, coins,
  1459885353385353220, spot-coins,
  1489018530511175681, coins,
  1470572495204139011, spot-coins,
  1385223705798787073, spot-coins,
  936138944080678912, coins,
  1407791976909393923, coins,
  1017318347866853377, spot-coins,
  1442437262663319565, coins,
  1424805429754810388, spot-coins,
  1387148881780224008, coins,
  1044836083530452992, coins,
  859816394556284929, companies,
  1300152328125906950, coins,
  1375235209495388161, coins,
  1311617716239900673, coins,
  1381699264011771906, coins,
  1494856957471113219, coins,
  889183928053104642, influencers,
  972970759416111104, influencers,
  1101264495337365504, exchanges,
  864152888720977921, spot-coins,
  1359091443537563651, spot-coins,
  1384042881808166924, spot-coins,
  1193729338719395841, spot-coins,
  1280878492750577669, spot-coins,
  1381340774638489604, spot-coins,
  958057855797510144, check-the-chain,
  1217614871908339712, companies,
  1522401331834540032, spot-coins,
  1281133175658254336, influencers,
  1503859406643081218, spot-coins,
  1308560600532803584, spot-coins,
  1485617600239489028, coins,
  1516030462954725380, news-relays,
  1556731169772867587, voyager-sussy-vol-2,
  1499131749841858566, coins,
  1295028541139177482, spot-coins,
  1429728596915105794, spot-coins,
  1383000459376431105, coins,
  1190507770832924672, coins,
  774362066232676352, coins,
  1336955668020875266, coins,
  1363885953929142278, spot-coins,
  988796804446769153, influencers,
  1363739197018828802, coins,
  1265449108958965760, spot-coins,
  1577678817505685504, coins,
  1433302892128133123, coins,
  1491526425580474368, coins,
  1357133940109103104, spot-coins,
  944961548375773184, influencers,
  1484112393361891328, influencers,
  1349928660136910851, coins-teams,
  1398812050869080064, coins,
  1368514414505193475, exchanges,
  1428237239419506696, exchanges,
  1443281107261313027, exchanges,
  1357749263632109570, coins,
  960036444885565442, exchanges,
  1126536796760891393, coins,
  911011433147654144, spot-coins,
  818902172347678720, companies,
  1590623324509454337, poor-mans-bbg,
  1567749292462579713, coins,
  1462727797135216641, check-the-chain,
  1506361964380909571, check-the-chain,
  1324273819184361472, companies,
  1428246848301502464, wublockchain-chinese,
  904858253565190144, coins-teams,
  1347985766497050625, elon-musk,
  880142286176231425, companies,
  803263807489536000, companies,
  1256257868812234758, companies,
  936224248586211329, influencers,
  872240096568721408, spot-coins,
  1567063227451965447, spot-coins,
  1258151863351824385, companies,
  759027320560627712, companies,
  1503195734388391937, spot-coins,
  1595447869586083841, crypto-news,
  1282727055604486148, news-of-alpha,
  1605258066949177344, exchanges,
  1483345897404739589, crypto-news,
  1387456369398140931, coins,
  4568979016, companies,
  1438104846033461249, coins,
  1368163995694157825, coins,
  1259927178713673728, coins,
  1409660323183820800, coins,
  1354088718097911808, coins-teams,
  1009692722976788480, coins-teams,
  4918059373, coins-teams,
  850083327054934020, coins-teams,
  881554124025860096, coins-teams,
  795678842081968129, coins-teams-important,
  4328832734, coins-teams,
  707543909149245440, coins-teams,
  1020364389222793216, coins-teams,
  1623341641149939713, coins,
  1002584885050011648, coins-teams,
  1345307286890278914, spot-coins,
  1247195506331332609, coins,
  1527389221379506177, coins,
  1490709001222471688, crypto-news,
  1626267148459864064, coins,
  1319036828964454402, companies,
  1391538435261861894, crypto-news,
  1446316025776009216, coins,
  1332033418088099843, coins,
  1380341547154083844, coins,
  1501279850727821312, coins,
  1029330822942347265, coins,
  1280859785424846849, coins,
  1582127706560376832, coins,
  1435520449648099329, coins,
  1425859260248854535, companies,
  1638639710204567554, coins,
  1629210812949704712, coins,
  1516836136517312527, coins,
  1590457153814335488, elon-musk,
  1481340056426143744, coins,
  1622226705141338112, coins,
  1428872926363754497, coins,
  1582498720527962113, coins,
  1653212763693481985, exchanges,
  1330170106501079041, companies,
  1643286556730351616, coins,
  1408806420233916416, coins,
  922862427724640256, coins-teams,
  976884195632001027, companies,
  1659653864138612761, companies,
  1368825780529139712, coins,
  1377493693762969600, spot-coins,
  1634057220206874624, crypto-news,
  1044207764212518912, crypto-news,
  1661523610111193088, companies,
  827523329527541761, big-cases,
  1123403704323805184, spot-coins